{"cameraMode":{"drawMode":0,"name":"Shaded","section":"Shading Mode"},"sceneLighting":false,"audioPlay":false,"sceneViewState":{"showFog":true,"showMaterialUpdate":false,"showSkybox":false,"showFlares":true,"showImageEffects":true,"showParticleSystems":true},"in2DMode":false,"pivot":{"x":-2.25077223777771,"y":5.856009483337402,"z":3.7198033332824709},"rotation":{"x":0.05277117341756821,"y":0.022771384567022325,"z":-0.0012184458319097758,"w":0.9983569979667664},"size":1.8750348091125489,"orthographic":false}