{"cameraMode":{"drawMode":0,"name":"Shaded","section":"Shading Mode"},"sceneLighting":false,"audioPlay":false,"sceneViewState":{"showFog":true,"showMaterialUpdate":false,"showSkybox":false,"showFlares":true,"showImageEffects":true,"showParticleSystems":true},"in2DMode":false,"pivot":{"x":-1.5029784440994263,"y":4.867608547210693,"z":5.051454067230225},"rotation":{"x":0.05277117341756821,"y":0.022771384567022325,"z":-0.0012184458319097758,"w":0.9983569979667664},"size":7.174257278442383,"orthographic":false}