{"cameraMode":{"drawMode":0,"name":"Shaded","section":"Shading Mode"},"sceneLighting":false,"audioPlay":false,"sceneViewState":{"showFog":true,"showMaterialUpdate":false,"showSkybox":false,"showFlares":true,"showImageEffects":true,"showParticleSystems":true},"in2DMode":false,"pivot":{"x":-0.004999935626983643,"y":5.960464477539063e-8,"z":1.7881393432617188e-7},"rotation":{"x":0.13312950730323792,"y":-0.7598896622657776,"z":0.16459622979164124,"w":0.6146252155303955},"size":2.1911749839782717,"orthographic":false}