{"cameraMode":{"drawMode":0,"name":"Shaded","section":"Shading Mode"},"sceneLighting":true,"audioPlay":false,"sceneViewState":{"showFog":true,"showMaterialUpdate":false,"showSkybox":true,"showFlares":true,"showImageEffects":true,"showParticleSystems":true},"in2DMode":false,"pivot":{"x":0.0,"y":-19.405258178710939,"z":-1.2000000476837159},"rotation":{"x":-0.12575925886631013,"y":-0.2192160189151764,"z":0.028505751863121988,"w":-0.9671170711517334},"size":1.333012580871582,"orthographic":false}